Workbook

Sheet 设备清单
A1: 类别 | B1: 设备/材料 | C1: 规格型号 | D1: 数量 | E1: 单价(¥) | F1: 小计(¥) | G1: 价格参考
A2: 光伏阵列 | B2: 光伏组件 | C2: 隆基 Hi-MO 7 LR7-72HGD-600M（600 W） | D2: 10 | E2: 650 | F2: =D2*E2 | G2: 2026 组件低价期零售
A3: 光伏阵列 | B3: MC4 连接器 | C3: 光伏专用 | D3: 20 | E3: 16 | F3: =D3*E3 | G3: 电商
A4: 支架 | B4: 屋面铝合金支架 | C4: 6063-T5（10 块竖排 40°，含雪荷加强） | D4: 1 | E4: 3000 | F4: =D4*E4 | G4: 按铝价估
A5: 控制和变换 | B5: 离网逆变器（含 MPPT） | C5: Growatt SPF 5000 ES | D5: 2 | E5: 2200 | F5: =D5*E5 | G5: 淘宝
A6: 控制和变换 | B6: 并联套件 | C6: Growatt 并联通信 | D6: 1 | E6: 200 | F6: =D6*E6 | G6: 电商
A7: 蓄电池 | B7: 磷酸铁锂模块 | C7: Benhoo BNP-5120BM（5.12 kWh，内置 BMS） | D7: 5 | E7: 4000 | F7: =D7*E7 | G7: B2B 区间
A8: 蓄电池 | B8: 电池柜 | C8: 19" 机柜 600×600×1200 mm | D8: 1 | E8: 1000 | F8: =D8*E8 | G8: 电商
A9: 蓄电池 | B9: 母排/连接件 | C9: 等长等截面铜排（低温材料） | D9: 1 | E9: 450 | F9: =D9*E9 | G9: 估
A10: 直流保护 | B10: 组串熔断器 | C10: 25 A gPV | D10: 2 | E10: 40 | F10: =D10*E10 | G10: 电商
A11: 直流保护 | B11: 直流隔离开关 | C11: 2P 600 Vdc | D11: 2 | E11: 180 | F11: =D11*E11 | G11: 电商
A12: 直流保护 | B12: 直流 SPD | C12: Type II 1000 Vdc（U_cpv≥360 V） | D12: 2 | E12: 220 | F12: =D12*E12 | G12: 电商
A13: 直流保护 | B13: 电池支路熔断器 | C13: 100 A gPV | D13: 5 | E13: 35 | F13: =D13*E13 | G13: 电商
... A30: 安装辅材 | B30: 端子/标识/防水防火 | C30: 汇总 | D30: 1 | E30: 500 | F30: =D30*E30 | G30: 估
A31: 合计 | F31: =SUM(F2:F31)

Sheet 成本分析
A1: 指标 | B1: 数值
A2: 系统初始总投资(¥) | B2: =设备清单!F31
A3: 装机容量(kWp) | B3: 6
A4: 单位装机成本(¥/Wp) | B4: =ROUND(设备清单!F31/6000,2)
A5: 电池成本(¥) | B5: =设备清单!F7
A6: 单位储能成本(¥/kWh) | B6: =ROUND(设备清单!F7/25.6,0)
A7: 电池占比 | B7: =ROUND(设备清单!F7/设备清单!F31,2)
