Workbook

Sheet Parameters
A1: Item | B1: Value | C1: Note
A2: PV array design inputs (Lanzhou W5)
A3: E_AC (kWh/d) | B3: 7.82 | C3: W1 winter design point
A4: K_PV | B4: 1.1 | C4: capacity reserve factor
A5: H_tilt,min (h/d) | B5: 3.24 | C5: worst month (tilt) W2
A6: eta_path | B6: 0.782 | C6: W3
A7: T_min (degC) | B7: -23.1 | C7: extreme low W2
A8: T_cell,max (degC) | B8: 70.4 | C8: T_amb+31.3
A9: Module Voc STC (V) | B9: 52.22 | C9: LR7-72HGD-600M
A10: Module Vmp STC (V) | B10: 44.12
A11: Module Isc STC (A) | B11: 14.49
A12: Module Impp STC (A) | B12: 13.6
A13: beta_Voc (1/degC) | B13: -0.0023
A14: beta_Vmp (1/degC) | B14: -0.0028
A15: Module P (W) | B15: 600
A16: MPPT V min (V) | B16: 120 | C16: Growatt SPF 5000 ES
A17: MPPT V max (V) | B17: 430
A18: Ctrl max PV input (V) | B18: 450
A19: Ctrl max input current (A) | B19: 22
A20: Ctrl max input power (W) | B20: 6000
A21: Selected N_S | B21: 6
A22: Selected N_P | B22: 1
A23: Inverter units | B23: 1 | C23: 1 or 2 (Harbin 2 units)
A24: V_bat,chg (V) | B24: 54.4
A25: I_ctrl per unit (A) | B25: 100
A26: eta_MPPT | B26: 0.96

Sheet Calc
A1: Item | B1: Formula/Value | C1: Result | D1: Unit
A2: P_PV,min (kWp) | B2: =E_AC*K_PV/(H_tilt*eta_path) | C2: =Parameters!B3*Parameters!B4/(Parameters!B5*Parameters!B6) | D2: kWp
A3: Voc,cold (V) | B3: =Voc_STC*(1+beta_Voc*(T_min-25)) | C3: =Parameters!B9*(1+Parameters!B13*(Parameters!B7-25)) | D3: V
A4: Vmp,hot (V) | B4: =Vmp_STC*(1+beta_Vmp*(Tc-25)) | C4: =Parameters!B10*(1+Parameters!B14*(Parameters!B8-25)) | D4: V
A5: Vmp,cold (V) | B5: =Vmp_STC*(1+beta_Vmp*(T_min-25)) | C5: =Parameters!B10*(1+Parameters!B14*(Parameters!B7-25)) | D5: V
A6: N_S,min | B6: =CEILING(V_MPPT_min/Vmp_hot,1) | C6: =CEILING(Parameters!B16/C4,1) | D6: 串
A7: N_S,max | B7: =FLOOR(V_ctrl_max/Voc_cold,1) | C7: =FLOOR(Parameters!B18/C3,1) | D7: 串
A8: Actual P_PV (kWp) | B8: =N_S*N_P*P_mod/1000 | C8: =Parameters!B21*Parameters!B22*Parameters!B15/1000 | D8: kWp
A9: String Voc,cold (V) | B9: =N_S*Voc_cold | C9: =Parameters!B21*C3 | D9: V
A10: String Vmp,hot (V) | B10: =N_S*Vmp_hot | C10: =Parameters!B21*C4 | D10: V
A11: String Vmp,cold (V) | B11: =N_S*Vmp_cold | C11: =Parameters!B21*C5 | D11: V
A12: Per-unit power (kW) | B12: =P_PV/units | C12: =C8/Parameters!B23 | D12: kW
A13: I_chg per unit (A) | B13: =MIN(perunit*eta_MPPT*1000/V_bat_chg, I_ctrl) | C13: =ROUND(MIN(C12*Parameters!B26*1000/Parameters!B24,Parameters!B25),1) | D13: A
A14: I_chg total (A) | B14: =I_chg_unit*units | C14: =C13*Parameters!B23 | D14: A
A16: Monthly review (P_PV=3.6 kWp)
A17: 1 | B17: 3.39 | C17: =C8*B17*Parameters!B6 | D17: 7.82 | E17: =C17/D17
A18: 2 | B18: 4.22 | C18: =C8*B18*Parameters!B6 | D18: 7.82 | E18: =C18/D18
A19: 3 | B19: 5.37 | C19: =C8*B19*Parameters!B6 | D19: 7.82 | E19: =C19/D19
A20: 4 | B20: 6.13 | C20: =C8*B20*Parameters!B6 | D20: 4.82 | E20: =C20/D20
A21: 5 | B21: 6.74 | C21: =C8*B21*Parameters!B6 | D21: 3.62 | E21: =C21/D21
A22: 6 | B22: 6.67 | C22: =C8*B22*Parameters!B6 | D22: 4.97 | E22: =C22/D22
A23: 7 | B23: 7.1 | C23: =C8*B23*Parameters!B6 | D23: 4.97 | E23: =C23/D23
A24: 8 | B24: 5.81 | C24: =C8*B24*Parameters!B6 | D24: 4.97 | E24: =C24/D24
A25: 9 | B25: 5.15 | C25: =C8*B25*Parameters!B6 | D25: 3.62 | E25: =C25/D25
A26: 10 | B26: 3.92 | C26: =C8*B26*Parameters!B6 | D26: 4.82 | E26: =C26/D26
A27: 11 | B27: 3.68 | C27: =C8*B27*Parameters!B6 | D27: 7.82 | E27: =C27/D27
A28: 12 | B28: 3.24 | C28: =C8*B28*Parameters!B6 | D28: 7.82 | E28: =C28/D28

Sheet Check
A1: Item | B1: Computed | C1: Allowed | D1: Result
A2: String Voc,cold <=450V | B2: =Calc!C9 | C2: 450 | D2: =IF(Calc!C9<=450,"OK","FAIL")
A3: String Voc,cold <=430V | B3: =Calc!C9 | C3: 430 | D3: =IF(Calc!C9<=430,"OK","FAIL")
A4: String Vmp,hot >=120V | B4: =Calc!C10 | C4: 120 | D4: =IF(Calc!C10>=120,"OK","FAIL")
A5: String Vmp,cold <=430V | B5: =Calc!C11 | C5: 430 | D5: =IF(Calc!C11<=430,"OK","FAIL")
A6: N_S in range | B6: =Parameters!B21 | C6: =Calc!C6..C7 | D6: =IF(AND(Parameters!B21>=Calc!C6,Parameters!B21<=Calc!C7),"OK","FAIL")
A7: Per-unit Isc <=22A | B7: =Parameters!B11 | C7: 22 | D7: =IF(Parameters!B11<=Parameters!B19,"OK","FAIL")
A8: Per-unit Imp <=22A | B8: =Parameters!B12 | C8: 22 | D8: =IF(Parameters!B12<=Parameters!B19,"OK","FAIL")
A9: Per-unit power <=6000W | B9: =Calc!C12*1000 | C9: 6000 | D9: =IF(Calc!C12*1000<=Parameters!B20,"OK","FAIL")
A10: I_chg total <= units*100A | B10: =Calc!C14 | C10: =Parameters!B23*100 | D10: =IF(Calc!C14<=Parameters!B23*Parameters!B25,"OK","FAIL")
