Workbook

Sheet 参数
A1: 参数 | B1: 值 | C1: 单位 | D1: 含义 | E1: 备注
A2: E_AC | B2: 7.82 | C2: kWh/d | D2: 交流侧日用电量（冬季采暖季设计点） | E2: 哈尔滨 W1
A3: N_A | B3: 2 | C3: d | D3: 自主供电天数 | E3: 任务书基准
A4: K_R | B4: 1.1 | C4: - | D4: 容量储备系数 | E4: 指导书 §5.2
A5: DOD | B5: 0.9 | C5: - | D5: 允许放电深度 | E5: 磷酸铁锂+BMS
A6: eta_dis | B6: 0.95 | C6: - | D6: 放电效率 | E6: W3
A7: eta_inv | B7: 0.93 | C7: - | D7: 逆变器效率 | E7: SPF 5000 ES 官方峰值
A8: K_T | B8: 1 | C8: - | D8: 低温修正 | E8: 设备间保温不低于 10 ℃
A9: V_nom | B9: 51.2 | C9: V | D9: 标称电压 | E9: 48 V 级
A10: E_mod | B10: 5.12 | C10: kWh | D10: 单模块能量 | E10: BNP-5120BM 51.2V/100Ah
A11: P_inv_tot | B11: 10000 | C11: W | D11: 逆变器总额定 | E11: SPF 5000 ES x2
A12: V_bat_min | B12: 45 | C12: V | D12: 电池侧最低电压 | E12: 模块放电下限 44.8 V 对应
A13: P_short | B13: 5200 | C13: W | D13: 短时冲击功率 | E13: W1
A14: P_PV_tot | B14: 6000 | C14: W | D14: 阵列总装机 | E14: W5
A15: V_bat_chg | B15: 54.4 | C15: V | D15: 充电电压
A16: I_ctrl_tot | B16: 200 | C16: A | D16: 控制器输出限流合计 | E16: SPF 5000 ES x2
A17: eta_MPPT | B17: 0.96 | C17: - | D17: MPPT 效率 | E17: W3

Sheet 容量计算
A1: 项目 | B1: 计算式/说明 | C1: 结果 | D1: 单位
A2: E_bat,min 最低标称能量 | B2: =E_AC*N_A*K_R/(DOD*eta_dis*eta_inv*K_T) | C2: =参数!B2*参数!B3*参数!B4/(参数!B5*参数!B6*参数!B7*参数!B8) | D2: kWh
A3: C_bat,min 安时 | B3: =1000*E_bat,min/V_nom | C3: =ROUND(1000*C2/参数!B9,1) | D3: Ah
A4: N_P 并联数量(能量) | B4: =CEILING(E_bat,min/E_mod,1) | C4: =CEILING(C2/参数!B10,1) | D4: 台
A5: E_actual 实际标称能量 | B5: =N_P*E_mod | C5: =C4*参数!B10 | D5: kWh
A6: 实际/下限比值 | B6: =E_actual/E_bat,min | C6: =C5/C2 | D6: -
A8: 敏感性：3 d | B8: =E_AC*3*K_R/(DOD*eta_dis*eta_inv*K_T) | C8: =参数!B2*3*参数!B4/(参数!B5*参数!B6*参数!B7*参数!B8) | D8: kWh
A9: N_P(3d) | B9: =CEILING(E3d/E_mod,1) | C9: =CEILING(C8/参数!B10,1) | D9: 台
A11: 敏感性：DOD=0.80 | B11: =E_AC*N_A*K_R/(0.8*eta_dis*eta_inv*K_T) | C11: =参数!B2*参数!B3*参数!B4/(0.8*参数!B6*参数!B7*参数!B8) | D11: kWh
A12: N_P(DOD0.80) | B12: =CEILING(E80/E_mod,1) | C12: =CEILING(C11/参数!B10,1) | D12: 台
A14: 敏感性：K_T=0.70 | B14: =E_AC*N_A*K_R/(DOD*eta_dis*eta_inv*0.7) | C14: =参数!B2*参数!B3*参数!B4/(参数!B5*参数!B6*参数!B7*0.7) | D14: kWh
A15: N_P(K_T=0.70) | B15: =CEILING(Ekt/E_mod,1) | C15: =CEILING(C14/参数!B10,1) | D15: 台

Sheet 校核表
A1: 项目 | B1: 计算或选定结果 | C1: 产品允许值 | D1: 结论
A2: 最低标称能量 | B2: =容量计算!C2 | C2: — | D2: —
A3: 实际标称能量 | B3: =容量计算!C5 | C3: ≤1.25×E_bat,min | D3: =IF(容量计算!C6<=1.25,"OK","FAIL")
A4: 连续放电电流 I_dis | B4: =ROUND(P_inv_tot/(V_bat_min*eta_inv),1) | C4: =5*100 A | D4: =IF(ROUND(参数!B11/(参数!B12*参数!B7),1)<=500,"OK","FAIL")
A5: 短时放电电流 I_dis,sur | B5: =ROUND(P_short/(V_bat_min*eta_inv),1) | C5: 5×100 A | D5: =IF(ROUND(参数!B13/(参数!B12*参数!B7),1)<=500,"OK","FAIL")
A6: 最大充电电流 I_chg | B6: =ROUND(MIN(P_PV_tot*eta_MPPT/V_bat_chg,I_ctrl_tot),1) | C6: 5×50 A | D6: =IF(ROUND(MIN(参数!B14*参数!B17/参数!B15,参数!B16),1)<=250,"OK","FAIL")
A7: 并联数量 N_P | B7: =容量计算!C4 | C7: 远低于厂家上限 | D7: OK
A8: N_S 串联 | B8: 1（完整模块不串联） | C8: 不串联 | D8: OK
