Workbook

Sheet 参数
A1: 参数 | B1: 值 | C1: 单位 | D1: 说明
A2: rho | B2: 0.0175 | C2: Ω·mm²/m | D2: 铜 20℃ 电阻率
A3: derate | B3: 0.87 | C3: - | D3: 40℃ 环境温度修正系数（PVC 绝缘）
A4: C1_Ib | B4: 14.49 | C4: A | D4: C1 组件串线设计电流（Isc 最不利）
A5: C1_L | B5: 1 | C5: m | D5: C1 长度（组件间互联）
A6: C1_S | B6: 4 | C6: mm² | D6: C1 截面（PV1-F）
A7: C1_In | B7: 25 | C7: A | D7: C1 保护器件（组串熔断器）
A8: C1_Un | B8: 192.5 | C8: V | D8: C1 电压降基准（Vmp 低温）
A9: C1_Iz | B9: 55 | C9: A | D9: C1 载流量基准（PV1-F 4mm², 空气中 90℃）
A10: C2_Ib | B10: 13.6 | C10: A | D10: C2 组串→MPPT 运行电流
A11: C2_L | B11: 15 | C11: m | D11: C2 长度
A12: C2_S | B12: 4 | C12: mm² | D12: C2 截面（PV1-F）
A13: C2_In | B13: 25 | C13: A | D13: C2 保护（组串熔断器）
... A57: C6d_Iz | B57: 30 | C57: A | D57: C6d 载流量基准

Sheet 回路计算
A1: 回路 | B1: 线缆 | C1: 截面S | D1: L | E1: Ib | F1: In | G1: Iz(40℃) | H1: ΔU | I1: δU | J1: Un基准 | K1: 载流量 | L1: 压降
A2: C1 光伏组件串线 | B2: PV1-F 1×4mm² | C2: =参数!B6 | D2: =参数!B5 | E2: =参数!B4 | F2: =参数!B7 | G2: =ROUND(参数!B9*参数!B3,1) | H2: =ROUND(2*参数!B2*参数!B5*参数!B4/参数!B6,3) | I2: =ROUND(H2/J2*100,2) | J2: =参数!B8 | K2: =IF(AND(E2<=F2,F2<=G2),"OK","FAIL") | L2: =IF(AND(J2<=60,I2<=2),"OK",IF(AND(J2>60,I2<=3),"OK","FAIL"))
A3: C2 组串→MPPT | B3: PV1-F 1×4mm² | C3: =参数!B12 | D3: =参数!B11 | E3: =参数!B10 | F3: =参数!B13 | G3: =ROUND(参数!B15*参数!B3,1) | H3: =ROUND(2*参数!B2*参数!B11*参数!B10/参数!B12,3) | I3: =ROUND(H3/J3*100,2) | J3: =参数!B14 | K3: =IF(AND(E3<=F3,F3<=G3),"OK","FAIL") | L3: =IF(AND(J3<=60,I3<=2),"OK",IF(AND(J3>60,I3<=3),"OK","FAIL"))
A4: C3 MPPT→蓄电池 | B4: RV 1×16mm² | C4: =参数!B18 | D4: =参数!B17 | E4: =参数!B16 | F4: =参数!B19 | G4: =ROUND(参数!B21*参数!B3,1) | H4: =ROUND(2*参数!B2*参数!B17*参数!B16/参数!B18,3) | I4: =ROUND(H4/J4*100,2) | J4: =参数!B20 | K4: =IF(AND(E4<=F4,F4<=G4),"OK","FAIL") | L4: =IF(AND(J4<=60,I4<=2),"OK",IF(AND(J4>60,I4<=3),"OK","FAIL"))
A5: C4 蓄电池→逆变器 | B5: RV 1×70mm² | C5: =参数!B24 | D5: =参数!B23 | E5: =参数!B22 | F5: =参数!B25 | G5: =ROUND(参数!B27*参数!B3,1) | H5: =ROUND(2*参数!B2*参数!B23*参数!B22/参数!B24,3) | I5: =ROUND(H5/J5*100,2) | J5: =参数!B26 | K5: =IF(AND(E5<=F5,F5<=G5),"OK","FAIL") | L5: =IF(AND(J5<=60,I5<=2),"OK",IF(AND(J5>60,I5<=3),"OK","FAIL"))
A6: C5 逆变器→交流配电箱 | B6: RVV 3×6mm² | C6: =参数!B30 | D6: =参数!B29 | E6: =参数!B28 | F6: =参数!B31 | G6: =ROUND(参数!B33*参数!B3,1) | H6: =ROUND(2*参数!B2*参数!B29*参数!B28/参数!B30,3) | I6: =ROUND(H6/J6*100,2) | J6: =参数!B32 | K6: =IF(AND(E6<=F6,F6<=G6),"OK","FAIL") | L6: =IF(AND(J6<=60,I6<=2),"OK",IF(AND(J6>60,I6<=3),"OK","FAIL"))
A7: C6a 照明回路 | B7: BV 3×2.5mm² | C7: =参数!B36 | D7: =参数!B35 | E7: =参数!B34 | F7: =参数!B37 | G7: =ROUND(参数!B39*参数!B3,1) | H7: =ROUND(2*参数!B2*参数!B35*参数!B34/参数!B36,3) | I7: =ROUND(H7/J7*100,2) | J7: =参数!B38 | K7: =IF(AND(E7<=F7,F7<=G7),"OK","FAIL") | L7: =IF(AND(J7<=60,I7<=2),"OK",IF(AND(J7>60,I7<=3),"OK","FAIL"))
A8: C6b 厨房插座(炊事) | B8: BV 3×4mm² | C8: =参数!B42 | D8: =参数!B41 | E8: =参数!B40 | F8: =参数!B43 | G8: =ROUND(参数!B45*参数!B3,1) | H8: =ROUND(2*参数!B2*参数!B41*参数!B40/参数!B42,3) | I8: =ROUND(H8/J8*100,2) | J8: =参数!B44 | K8: =IF(AND(E8<=F8,F8<=G8),"OK","FAIL") | L8: =IF(AND(J8<=60,I8<=2),"OK",IF(AND(J8>60,I8<=3),"OK","FAIL"))
A9: C6c 采暖插座 | B9: BV 3×2.5mm² | C9: =参数!B48 | D9: =参数!B47 | E9: =参数!B46 | F9: =参数!B49 | G9: =ROUND(参数!B51*参数!B3,1) | H9: =ROUND(2*参数!B2*参数!B47*参数!B46/参数!B48,3) | I9: =ROUND(H9/J9*100,2) | J9: =参数!B50 | K9: =IF(AND(E9<=F9,F9<=G9),"OK","FAIL") | L9: =IF(AND(J9<=60,I9<=2),"OK",IF(AND(J9>60,I9<=3),"OK","FAIL"))
A10: C6d 其他插座 | B10: BV 3×2.5mm² | C10: =参数!B54 | D10: =参数!B53 | E10: =参数!B52 | F10: =参数!B55 | G10: =ROUND(参数!B57*参数!B3,1) | H10: =ROUND(2*参数!B2*参数!B53*参数!B52/参数!B54,3) | I10: =ROUND(H10/J10*100,2) | J10: =参数!B56 | K10: =IF(AND(E10<=F10,F10<=G10),"OK","FAIL") | L10: =IF(AND(J10<=60,I10<=2),"OK",IF(AND(J10>60,I10<=3),"OK","FAIL"))

Sheet 保护器件
A1: 位置 | B1: 保护器件 | C1: 选型 | D1: 依据
A2: 光伏输入侧 | B2: 组串熔断器 | C2: 2×25A gPV 直流 | D2: ≥1.4×Isc=20.3A/串，<组件最大串联熔断器 30A（GB 50797）
A3: 光伏输入侧 | B3: 直流隔离 | C3: 2×2P 隔离开关 ≥600Vdc | D3: ≥组串 Voc,cold=299.0V，检修隔离
A4: 光伏输入侧 | B4: 直流 SPD | C4: 2×Type II 1000Vdc，Ucpv≥360V | D4: GB/T 32512，1.2×Voc,cold=358.8V
A5: 蓄电池侧 | B5: 支路熔断器 | C5: 5×100A gPV 直流 | D5: 每支路=模块最大放电电流 100A，隔离单支路故障
A6: 蓄电池侧 | B6: 总保护 | C6: 2×160A DC MCB（2P ≥125Vdc） | D6: 每台逆变器供电回路 119.5A≤160A≤Iz=191A；双机独立断开便于维护
A7: MPPT→电池 | B7: 充电回路 MCB | C7: 2×63A DC MCB | D7: 52.9A≤63A≤Iz=81.8A/路（16mm²×0.87）
A8: 交流侧 | B8: 逆变器输出 MCB | C8: 2×32A C曲线 | D8: 20.9A≤32A≤44.4A/台
A9: 交流侧 | B9: 剩余电流保护 | C9: 30mA RCD（插座回路） | D9: 人身触电保护
A10: 交流侧 | B10: 交流 SPD | C10: Type II 220V（Uc=275V, Imax 40kA） | D10: GB 50057/GB/T 32512
A11: 接地 | B11: PE/等电位 | C11: PE 铜 ≥6mm²，接地电阻≤4Ω | D11: 组件边框/支架/设备外壳接保护接地，等电位联结
