Workbook

Sheet 参数
A1: 参数 | B1: 值 | C1: 单位 | D1: 含义 | E1: 来源/依据
A2: E_AC | B2: 6.99 | C2: kWh/d | D2: 交流侧日用电量（W1 负荷调查） | E2: docs/负荷调查-深圳.md
A3: N_A | B3: 2 | C3: d | D3: 自主供电天数（基准设计） | E3: 任务书 §4.3 / 指导书 §5.2
A4: K_R | B4: 1.1 | C4: - | D4: 容量储备系数 | E4: 指导书 §5.2（1.05~1.10，取 1.10）
A5: DOD | B5: 0.9 | C5: - | D5: 允许放电深度（磷酸铁锂+BMS） | E5: W3 效率表：0.80 保守 / 0.90 厂商，取 0.90
A6: eta_dis | B6: 0.95 | C6: - | D6: 蓄电池放电效率 | E6: W3 效率表（典型值，选型后回填）
A7: eta_inv | B7: 0.92 | C7: - | D7: 逆变器效率 | E7: 任务书示例 0.92 / W3 效率表
A8: K_T | B8: 1 | C8: - | D8: 低温/可用容量修正（深圳低温影响小） | E8: W3 效率表
A9: V_nom | B9: 51.2 | C9: V | D9: 蓄电池组标称电压（16S 磷酸铁锂） | E9: 模块规格书
A10: V_bat_min | B10: 45 | C10: V | D10: 逆变器最低允许直流输入电压（校核用） | E10: 逆变器规格书（W6 回填）；与模块放电下限 44.8V 一致
A11: V_bat_chg | B11: 54.4 | C11: V | D11: 充电电压（16S×3.4V） | E11: 模块规格书充电上限
A12: P_inv_r | B12: 5 | C12: kW | D12: 逆变器额定功率（暂定 5kW，W6 选型后回填） | E12: P_max=3.0kW×1.67 裕量；拟选 Growatt SPF 5000 ES 或同级
A13: P_sur | B13: 3.6 | C13: kW | D13: 系统短时冲击功率（W1） | E13: docs/负荷调查-深圳.md §5
... A26: modB_price | B26: 6400 | C26: 元 | D26: 方案B 单模块参考价（$900 出厂价折算） | E26: madeinchina.com 报价 $900 ≈ ¥6,400

Sheet 容量计算
A1: 项目 | B1: 公式（文字说明） | C1: 结果（公式） | D1: 单位 | E1: 说明
A2: 最低标称能量 E_bat,min | B2: E_AC*N_A*K_R/(DOD*eta_dis*eta_inv*K_T) | C2: =参数!B2*参数!B3*参数!B4/(参数!B5*参数!B6*参数!B7*参数!B8) | D2: kWh | E2: 指导书 §5.2
A3: 最低容量 C_bat,min | B3: 1000*E_bat,min/V_nom | C3: =1000*B2/参数!B9 | D3: Ah | E3: 指导书 §5.2
A4: 方案A 单模块能量 E_modA | B4: V_modA*Ah_modA/1000 | C4: =参数!B17*参数!B18/1000 | D4: kWh | E4: 指导书 §5.3
A5: 方案A 并联数量(能量) NP,E | B5: CEILING(E_bat,min/E_modA,1) | C5: =CEILING(B2/B4,1) | D5: 个 | E5: 指导书 §5.3
A6: 方案A 实际标称能量 | B6: NP,E*E_modA | C6: =B5*B4 | D6: kWh
A7: 方案A 连续放电电流 I_dis | B7: P_inv_r*1000/(V_bat_min*eta_inv) | C7: =参数!B12*1000/(参数!B10*参数!B7) | D7: A | E7: 指导书 §5.4
A8: 方案A 短时放电电流 | B8: P_sur*1000/(V_bat_min*eta_inv) | C8: =参数!B13*1000/(参数!B10*参数!B7) | D8: A | E8: 指导书 §5.4
A9: 方案A 最大充电电流 I_chg | B9: MIN(P_PV*1000*eta_MPPT/V_bat_chg, I_ctrl_out_max) | C9: =MIN(参数!B14*1000*参数!B15/参数!B11, 参数!B16) | D9: A | E9: 指导书 §5.4；第二项=控制器输出限流（W6 回填）
A10: 方案A 并联数量(放电) | B10: CEILING(I_dis/modA_idis,1) | C10: =CEILING(B7/参数!B19,1) | D10: 个
A11: 方案A 并联数量(充电) | B11: CEILING(I_chg/modA_ichg,1) | C11: =CEILING(B9/参数!B20,1) | D11: 个
A12: 方案A 最终并联数量 NP | B12: MAX(NP,E,NP,dis,NP,chg) | C12: =MAX(B5,B10,B11) | D12: 个 | E12: 指导书 §5.4
A13: 方案A 配置 | B13: "51.2V 100Ah×"&NP | C13: ="51.2V 100Ah×"&B12 | D13: -
A14: 方案A 成本(模块) | B14: NP*modA_price | C14: =B12*参数!B21 | D14: 元 | E14: 按模块单价×数量（不含BMS/柜体/安装）
A15: 3d 标称能量 | B15: E_AC*3*K_R/(DOD*eta_dis*eta_inv*K_T) | C15: =参数!B2*3*参数!B4/(参数!B5*参数!B6*参数!B7*参数!B8) | D15: kWh | E15: 敏感性分析
A16: 3d/2d 比值 | B16: E_3d/E_bat,min | C16: =B15/B2 | D16: - | E16: 理论 = 1.5
A17: 方案B 单模块能量 E_modB | B17: V_modB*Ah_modB/1000 | C17: =参数!B22*参数!B23/1000 | D17: kWh
A18: 方案B 并联数量(能量) | B18: CEILING(E_bat,min/E_modB,1) | C18: =CEILING(B2/B17,1) | D18: 个
A19: 方案B 实际标称能量 | B19: NP,E_B*E_modB | C19: =B18*B17 | D19: kWh
A20: 方案B 配置 | B20: "51.2V 200Ah×"&NP,E_B | C20: ="51.2V 200Ah×"&B18 | D20: -
A21: 方案B 成本(模块) | B21: NP,E_B*modB_price | C21: =B18*参数!B26 | D21: 元

Sheet 校核表
A1: 项目 | B1: 计算或选定结果 | C1: 产品允许值 | D1: 结论
A2: 最低标称能量 | B2: =容量计算!C2 | C2: — | D2: —
A3: 模块型号及单模块能量 | B3: Benhoo BNP-5120BM（51.2V 100Ah，5.12kWh） | C3: — | D3: —
A4: 串联数量 | B4: 1 | C4: 1（完整模块禁止串联） | D4: OK
A5: 并联数量 | B5: =容量计算!C12 | C5: ≤75 台（厂家标注） | D5: OK
A6: 实际标称能量 | B6: =容量计算!C6 | C6: =1.25*容量计算!C2 | D6: =IF(B6<=C6,"OK","超标")
A7: 连续放电电流 | B7: =容量计算!C7 | C7: =容量计算!C12*参数!B19 | D7: =IF(B7<=C7,"OK","不足")
A8: 短时放电电流 | B8: =容量计算!C8 | C8: =容量计算!C12*参数!B19 | D8: =IF(B8<=C8,"OK","不足")
A9: 最大充电电流 | B9: =容量计算!C9 | C9: =容量计算!C12*参数!B20 | D9: =IF(B9<=C9,"OK","不足")
A10: BMS 与并联限制 | B10: 智能BMS（RS485/CAN），并联 4 台 | C10: — | D10: OK
A11: 2d/3d 对比 | B11: =容量计算!C15 | C11: 3d≈1.5×2d | D11: =IF(ABS(B11/容量计算!C2-1.5)<0.01,"OK","复核")
