Workbook

Sheet Parameters
A1: PV array design inputs (Shenzhen W5)
A2: Item | B2: Value | C2: Note
A3: E_AC (kWh/d) | B3: 6.99 | C3: W1 load survey
A4: K_PV | B4: 1.1 | C4: capacity reserve factor
A5: H_tilt (h/d) | B5: 4.46 | C5: Oct 20deg tilt, W2
A6: eta_path | B6: 0.77 | C6: W3 combined efficiency
A7: T_min (C) | B7: 0.2 | C7: W2 extreme min temp
A8: T_cell_hot (C) | B8: 61 | C8: W2 normal hot month
A9: T_cell_extreme (C) | B9: 70 | C9: W2 extreme case
A10: P_mpp (W) | B10: 600 | C10: LONGi LR7-72HGD-600M
A11: Voc_STC (V) | B11: 52.22 | C11: module spec
A12: Vmp_STC (V) | B12: 44.12 | C12: module spec
A13: Isc_STC (A) | B13: 14.49 | C13: module spec
A14: Imp_STC (A) | B14: 13.6 | C14: module spec
... A28: Np_choice | B28: 1 | C28: parallel strings

Sheet Calc
A1: PV array capacity calc and checks (Shenzhen W5, auto)
A2: Item | B2: Formula/Value | C2: Note
A3: P_PV,min (kWp) | B3: =='Parameters'!B3*'Parameters'!B4/('Parameters'!B5*'Parameters'!B6) | C3: E_AC*K_PV/(H_tilt*eta_path)
A4: Voc,cold (V) | B4: =='Parameters'!B11*(1+'Parameters'!B15*('Parameters'!B7-25)) | C4: per module
A5: Vmp,hot61 (V) | B5: =='Parameters'!B12*(1+'Parameters'!B16*('Parameters'!B8-25)) | C5: per module
A6: Vmp,hot70 (V) | B6: =='Parameters'!B12*(1+'Parameters'!B16*('Parameters'!B9-25)) | C6: per module
A7: Vmp,cold (V) | B7: =='Parameters'!B12*(1+'Parameters'!B16*('Parameters'!B7-25)) | C7: per module
A8: Ns_min | B8: ==CEILING('Parameters'!B18/B6,1) | C8: ceil(Vmppt_min/Vmp,hot70)
A9: Ns_max | B9: ==FLOOR('Parameters'!B20/B4,1) | C9: floor(Vctrl_max/Voc,cold)
A10: Ns_choice | B10: =='Parameters'!B27 | C10: chosen series count
A11: Np_choice | B11: =='Parameters'!B28 | C11: chosen parallel count
A12: P_inst (kWp) | B12: ==B10*B11*'Parameters'!B10/1000 | C12: installed capacity
A13: Voc,cold string (V) | B13: ==B4*B10 | C13: string low-temp Voc
A14: Vmp,hot string 61C (V) | B14: ==B5*B10 | C14: string MPPT V 61C
A15: Vmp,hot string 70C (V) | B15: ==B6*B10 | C15: string MPPT V 70C
A16: Vmp,cold string (V) | B16: ==B7*B10 | C16: string MPPT V low temp
A17: I_mpp,array (A) | B17: =='Parameters'!B14*B11 | C17: array operating current
A18: I_sc,array (A) | B18: =='Parameters'!B13*B11 | C18: array short circuit current
A19: I_chg (A) | B19: ==MIN(B12*1000*'Parameters'!B23/'Parameters'!B24,'Parameters'!B25) | C19: backfill W4 charge current
A20: Check1: Voc,cold string <= Vctrl_max | B20: ==IF(B13<='Parameters'!B20,'OK','FAIL')
A21: Check2: Voc,cold string <= Vmppt_max | B21: ==IF(B13<='Parameters'!B19,'OK','FAIL')
A22: Check3: Vmp,hot string 70C >= Vmppt_min | B22: ==IF(B15>='Parameters'!B18,'OK','FAIL')
A23: Check4: Vmp,cold string <= Vmppt_max | B23: ==IF(B16<='Parameters'!B19,'OK','FAIL')
A24: Check5 I_sc,array<=limit | B24: ==IF(B18<='Parameters'!B22,'OK','FAIL')
A25: Check6 Pin<=P_ctrl_max | B25: ==IF(B12*1000<='Parameters'!B21,'OK','FAIL')
A26: Check7 I_chg<=I_bat_limit | B26: ==IF(B19<='Parameters'!B26,'OK','FAIL')
A28: Monthly energy check (P_PV=B11 kWp, eta_path=Parameters!B6)
A29: Month | B29: H_tilt(m) | C29: EPV(kWh/d) | D29: E_AC(kWh/d) | E29: Ratio | F29: Result
A30: 1 | B30: 3.44 | C30: ==$B$12*B30*'Parameters'!$B$6 | D30: 3.61 | E30: ==IF(D30=0,0,C30/D30) | F30: ==IF(C30>=D30,'OK','FAIL')
A31: 2 | B31: 3.74 | C31: ==$B$12*B31*'Parameters'!$B$6 | D31: 3.61 | E31: ==IF(D31=0,0,C31/D31) | F31: ==IF(C31>=D31,'OK','FAIL')
A32: 3 | B32: 3.96 | C32: ==$B$12*B32*'Parameters'!$B$6 | D32: 3.61 | E32: ==IF(D32=0,0,C32/D32) | F32: ==IF(C32>=D32,'OK','FAIL')
A33: 4 | B33: 4.55 | C33: ==$B$12*B33*'Parameters'!$B$6 | D33: 3.61 | E33: ==IF(D33=0,0,C33/D33) | F33: ==IF(C33>=D33,'OK','FAIL')
A34: 5 | B34: 4.78 | C34: ==$B$12*B34*'Parameters'!$B$6 | D34: 6.99 | E34: ==IF(D34=0,0,C34/D34) | F34: ==IF(C34>=D34,'OK','FAIL')
A35: 6 | B35: 5.15 | C35: ==$B$12*B35*'Parameters'!$B$6 | D35: 6.99 | E35: ==IF(D35=0,0,C35/D35) | F35: ==IF(C35>=D35,'OK','FAIL')
A36: 7 | B36: 5.88 | C36: ==$B$12*B36*'Parameters'!$B$6 | D36: 6.99 | E36: ==IF(D36=0,0,C36/D36) | F36: ==IF(C36>=D36,'OK','FAIL')
A37: 8 | B37: 5.19 | C37: ==$B$12*B37*'Parameters'!$B$6 | D37: 6.99 | E37: ==IF(D37=0,0,C37/D37) | F37: ==IF(C37>=D37,'OK','FAIL')
A38: 9 | B38: 5.29 | C38: ==$B$12*B38*'Parameters'!$B$6 | D38: 6.99 | E38: ==IF(D38=0,0,C38/D38) | F38: ==IF(C38>=D38,'OK','FAIL')
A39: 10 | B39: 4.46 | C39: ==$B$12*B39*'Parameters'!$B$6 | D39: 6.99 | E39: ==IF(D39=0,0,C39/D39) | F39: ==IF(C39>=D39,'OK','FAIL')
A40: 11 | B40: 4.12 | C40: ==$B$12*B40*'Parameters'!$B$6 | D40: 3.61 | E40: ==IF(D40=0,0,C40/D40) | F40: ==IF(C40>=D40,'OK','FAIL')
A41: 12 | B41: 3.44 | C41: ==$B$12*B41*'Parameters'!$B$6 | D41: 3.61 | E41: ==IF(D41=0,0,C41/D41) | F41: ==IF(C41>=D41,'OK','FAIL')

Sheet Check
A1: PV array design check summary (Shenzhen W5)
A2: Item | B2: Calc | C2: Allowed | D2: Result
A3: Required capacity (kWp) | B3: =='Calc'!B3 | C3: - | D3: -
A4: Module model / power | B4: LONGi LR7-72HGD-600M x4 | C4: - | D4: -
A5: Low-temp Voc string (V) | B5: =='Calc'!B13 | C5: <=450 | D5: ==IF(B5<='Parameters'!B20,'OK','FAIL')
A6: Low-temp Voc string (V) | B6: =='Calc'!B13 | C6: <=430 MPPT max | D6: ==IF(B6<='Parameters'!B19,'OK','FAIL')
A7: Hot MPPT V string 70C (V) | B7: =='Calc'!B15 | C7: >=120 | D7: ==IF(B7>='Parameters'!B18,'OK','FAIL')
A8: Cold MPPT V string (V) | B8: =='Calc'!B16 | C8: <=430 | D8: ==IF(B8<='Parameters'!B19,'OK','FAIL')
A9: Modules per string | B9: =='Calc'!B10 | C9: [4,8] | D9: ==IF(AND(B9>='Calc'!B8,B9<='Calc'!B9),'OK','FAIL')
A10: Parallel strings | B10: =='Calc'!B11 | C10: - | D10: -
A11: Installed capacity (kWp) | B11: =='Calc'!B12 | C11: <=6.0kW | D11: ==IF(B11*1000<='Parameters'!B21,'OK','FAIL')
A12: Array Imp (A) | B12: =='Calc'!B17 | C12: <=per-MPPT | D12: ==IF(B12<='Parameters'!B22,'OK','FAIL')
A13: Array Isc (A) | B13: =='Calc'!B18 | C13: <=per-MPPT | D13: ==IF(B13<='Parameters'!B22,'OK','FAIL')
A14: I_chg backfill W4 (A) | B14: =='Calc'!B19 | C14: <=200 (4x50A) | D14: ==IF(B14<='Parameters'!B26,'OK','FAIL')
